Request_ID,Target_ID,Gene_Symbol,Chromosome,Chr_Start,Chr_End,Num_Amplicons,Covered_Bases,Target_Bases,Missed_Bases,Coverage
Panel,1,BRCA2,chr13,32890598,32890664,1,67,67,0,1.000
Panel,2,BRCA2,chr13,32893214,32893462,2,249,249,0,1.000
Panel,3,BRCA2,chr13,32899213,32899321,2,109,109,0,1.000
Panel,4,BRCA2,chr13,32900238,32900287,1,50,50,0,1.000
Panel,5,BRCA2,chr13,32900379,32900419,2,41,41,0,1.000
Panel,6,BRCA2,chr13,32900636,32900750,2,115,115,0,1.000
Panel,7,BRCA2,chr13,32903580,32903629,1,50,50,0,1.000
Panel,8,BRCA2,chr13,32905056,32905167,2,112,112,0,1.000
Panel,9,BRCA2,chr13,32906409,32907524,10,1116,1116,0,1.000
Panel,10,BRCA2,chr13,32910402,32915333,40,4932,4932,0,1.000
Panel,11,BRCA2,chr13,32918695,32918790,1,96,96,0,1.000
Panel,12,BRCA2,chr13,32920964,32921033,2,70,70,0,1.000
Panel,13,BRCA2,chr13,32928998,32929425,3,428,428,0,1.000
Panel,14,BRCA2,chr13,32930565,32930746,3,182,182,0,1.000
Panel,15,BRCA2,chr13,32931879,32932066,3,188,188,0,1.000
Panel,16,BRCA2,chr13,32936660,32936830,2,171,171,0,1.000
Panel,17,BRCA2,chr13,32937316,32937670,4,355,355,0,1.000
Panel,18,BRCA2,chr13,32944539,32944694,2,156,156,0,1.000
Panel,19,BRCA2,chr13,32945093,32945237,2,145,145,0,1.000
Panel,20,BRCA2,chr13,32950807,32950928,2,122,122,0,1.000
Panel,21,BRCA2,chr13,32953454,32953652,3,199,199,0,1.000
Panel,22,BRCA2,chr13,32953887,32954050,2,164,164,0,1.000
Panel,23,BRCA2,chr13,32954144,32954282,3,139,139,0,1.000
Panel,24,BRCA2,chr13,32968826,32969070,3,245,245,0,1.000
Panel,25,BRCA2,chr13,32971035,32971181,2,147,147,0,1.000
Panel,26,BRCA2,chr13,32972299,32972907,5,609,609,0,1.000
Panel,27,BRCA1,chr17,41197695,41197819,2,125,125,0,1.000
Panel,28,BRCA1,chr17,41197801,41197819,1,19,19,0,1.000
Panel,29,BRCA1,chr17,41199660,41199720,2,61,61,0,1.000
Panel,30,BRCA1,chr17,41201138,41201211,1,74,74,0,1.000
Panel,31,BRCA1,chr17,41203080,41203134,2,55,55,0,1.000
Panel,32,BRCA1,chr17,41209069,41209152,1,84,84,0,1.000
Panel,33,BRCA1,chr17,41215350,41215390,1,41,41,0,1.000
Panel,34,BRCA1,chr17,41215891,41215968,1,78,78,0,1.000
Panel,35,BRCA1,chr17,41219625,41219712,1,88,88,0,1.000
Panel,36,BRCA1,chr17,41222945,41223255,4,311,311,0,1.000
Panel,37,BRCA1,chr17,41226348,41226538,2,191,191,0,1.000
Panel,38,BRCA1,chr17,41228505,41228628,2,124,124,0,1.000
Panel,39,BRCA1,chr17,41228505,41228631,2,127,127,0,1.000
Panel,40,BRCA1,chr17,41231351,41231416,1,66,66,0,1.000
Panel,41,BRCA1,chr17,41234421,41234592,2,172,172,0,1.000
Panel,42,BRCA1,chr17,41242961,41243049,1,89,89,0,1.000
Panel,43,BRCA1,chr17,41243452,41246877,27,3426,3426,0,1.000
Panel,44,BRCA1,chr17,41246761,41246877,2,117,117,0,1.000
Panel,45,BRCA1,chr17,41247863,41247939,1,77,77,0,1.000
Panel,46,BRCA1,chr17,41249261,41249306,1,46,46,0,1.000
Panel,47,BRCA1,chr17,41251792,41251897,2,106,106,0,1.000
Panel,48,BRCA1,chr17,41256139,41256278,2,140,140,0,1.000
Panel,49,BRCA1,chr17,41256885,41256973,1,89,89,0,1.000
Panel,50,BRCA1,chr17,41258473,41258543,1,71,71,0,1.000
Panel,51,BRCA1,chr17,41258473,41258550,1,78,78,0,1.000
Panel,52,BRCA1,chr17,41267743,41267796,2,54,54,0,1.000
Panel,53,BRCA1,chr17,41276034,41276113,3,80,80,0,1.000
